  11.94,      1 
  11.05,      2 
   7.99,      3 
   6.67,      4 
   5.74,      5 
   5.10,      6 
   4.66,      7 
   4.29,      8 
   3.92,      9 
   3.58,     10 
   3.38,     11 
   3.15,     12 
   2.92,     13 
   2.75,     14 
   2.61,     15 
   2.47,     16 
   2.36,     17 
   2.23,     18 
   2.13,     19 
   2.02,     20 
   1.91,     21 
   1.80,     22 
   1.75,     23 
   1.66,     24 
   1.59,     25 
   1.54,     26 
   1.49,     27 
   1.41,     28 
   1.36,     29 
   1.31,     30 
   1.31,     31 
   1.28,     32 
   1.28,     33 
   1.25,     34 
   1.22,     35 
   1.20,     36 
   1.16,     37 
   1.14,     38 
   1.12,     39 
   1.09,     40 
   1.08,     41 
   1.06,     42 
   1.05,     43 
   1.02,     44 
   1.00,     45 
   0.97,     46 
   0.95,     47 
   0.96,     48 
   0.93,     49 
   0.93,     50 
   0.91,     51 
   0.89,     52 
   0.89,     53 
   0.89,     54 
   0.89,     55 
   0.88,     56 
   0.86,     57 
   0.84,     58 
   0.80,     59 
   0.82,     60 
   0.81,     61 
   0.80,     62 
   0.78,     63 
   0.76,     64 
   0.76,     65 
   0.72,     66 
   0.73,     67 
   0.72,     68 
   0.70,     69 
   0.69,     70 
   0.65,     71 
   0.66,     72 
   0.66,     73 
   0.65,     74 
   0.62,     75 
   0.61,     76 
   0.59,     77 
   0.62,     78 
   0.58,     79 
   0.58,     80 
   0.57,     81 
   0.58,     82 
   0.57,     83 
   0.55,     84 
   0.55,     85 
   0.55,     86 
   0.55,     87 
   0.52,     88 
   0.50,     89 
   0.50,     90 
   0.51,     91 
   0.52,     92 
   0.51,     93 
   0.50,     94 
   0.49,     95 
   0.46,     96 
   0.48,     97 
   0.46,     98 
   0.44,     99 
   0.42,    100 
   0.42,    101 
   0.41,    102 
   0.40,    103 
   0.39,    104 
   0.38,    105 
   0.40,    106 
   0.38,    107 
   0.38,    108 
   0.37,    109 
   0.38,    110 
   0.35,    111 
   0.34,    112 
   0.33,    113 
   0.33,    114 
   0.31,    115 
   0.32,    116 
   0.31,    117 
   0.30,    118 
   0.28,    119 
   0.30,    120 
   0.28,    121 
   0.26,    122 
   0.25,    123 
   0.25,    124 
   0.25,    125 
   0.23,    126 
   0.23,    127 
   0.21,    128 
   0.22,    129 
   0.19,    130 
   0.19,    131 
   0.21,    132 
   0.18,    133 
   0.16,    134 
   0.18,    135 
   0.17,    136 
   0.14,    137 
   0.15,    138 
   0.14,    139 
   0.12,    140 
   0.10,    141 
   0.12,    142 
   0.10,    143 
   0.09,    144 
   0.09,    145 
   0.06,    146 
   0.05,    147 
   0.03,    148 
   0.03,    149 
   0.00,    150 
   8.53,      1 
  10.46,      2 
   9.96,      3 
   7.37,      4 
   6.18,      5 
   5.42,      6 
   4.88,      7 
   4.46,      8 
   4.07,      9 
   3.77,     10 
   3.50,     11 
   3.25,     12 
   3.05,     13 
   2.84,     14 
   2.71,     15 
   2.54,     16 
   2.42,     17 
   2.28,     18 
   2.18,     19 
   2.07,     20 
   1.98,     21 
   1.90,     22 
   1.82,     23 
   1.70,     24 
   1.61,     25 
   1.57,     26 
   1.52,     27 
   1.49,     28 
   1.46,     29 
   1.39,     30 
   1.37,     31 
   1.33,     32 
   1.32,     33 
   1.28,     34 
   1.23,     35 
   1.24,     36 
   1.22,     37 
   1.18,     38 
   1.16,     39 
   1.12,     40 
   1.11,     41 
   1.07,     42 
   1.06,     43 
   1.05,     44 
   1.05,     45 
   1.01,     46 
   1.02,     47 
   1.00,     48 
   0.98,     49 
   0.99,     50 
   0.96,     51 
   0.93,     52 
   0.93,     53 
   0.88,     54 
   0.86,     55 
   0.87,     56 
   0.86,     57 
   0.84,     58 
   0.85,     59 
   0.84,     60 
   0.82,     61 
   0.80,     62 
   0.78,     63 
   0.77,     64 
   0.76,     65 
   0.76,     66 
   0.76,     67 
   0.73,     68 
   0.74,     69 
   0.72,     70 
   0.70,     71 
   0.70,     72 
   0.67,     73 
   0.68,     74 
   0.67,     75 
   0.66,     76 
   0.66,     77 
   0.64,     78 
   0.64,     79 
   0.62,     80 
   0.62,     81 
   0.61,     82 
   0.62,     83 
   0.61,     84 
   0.59,     85 
   0.58,     86 
   0.57,     87 
   0.56,     88 
   0.55,     89 
   0.54,     90 
   0.52,     91 
   0.53,     92 
   0.53,     93 
   0.51,     94 
   0.51,     95 
   0.51,     96 
   0.49,     97 
   0.47,     98 
   0.46,     99 
   0.47,    100 
   0.45,    101 
   0.45,    102 
   0.42,    103 
   0.41,    104 
   0.41,    105 
   0.39,    106 
   0.39,    107 
   0.39,    108 
   0.39,    109 
   0.37,    110 
   0.36,    111 
   0.34,    112 
   0.32,    113 
   0.32,    114 
   0.33,    115 
   0.33,    116 
   0.32,    117 
   0.30,    118 
   0.31,    119 
   0.28,    120 
   0.27,    121 
   0.28,    122 
   0.27,    123 
   0.28,    124 
   0.27,    125 
   0.28,    126 
   0.27,    127 
   0.25,    128 
   0.24,    129 
   0.22,    130 
   0.22,    131 
   0.22,    132 
   0.21,    133 
   0.21,    134 
   0.20,    135 
   0.19,    136 
   0.19,    137 
   0.17,    138 
   0.18,    139 
   0.15,    140 
   0.16,    141 
   0.13,    142 
   0.12,    143 
   0.10,    144 
   0.10,    145 
   0.08,    146 
   0.08,    147 
   0.06,    148 
   0.04,    149 
   0.00,    150 
   6.96,      1 
   7.74,      2 
   9.41,      3 
   8.92,      4 
   6.71,      5 
   5.72,      6 
   5.06,      7 
   4.59,      8 
   4.12,      9 
   3.79,     10 
   3.52,     11 
   3.30,     12 
   3.12,     13 
   2.91,     14 
   2.70,     15 
   2.57,     16 
   2.44,     17 
   2.30,     18 
   2.18,     19 
   2.07,     20 
   1.97,     21 
   1.89,     22 
   1.82,     23 
   1.72,     24 
   1.68,     25 
   1.60,     26 
   1.52,     27 
   1.45,     28 
   1.40,     29 
   1.33,     30 
   1.28,     31 
   1.31,     32 
   1.28,     33 
   1.22,     34 
   1.19,     35 
   1.20,     36 
   1.18,     37 
   1.16,     38 
   1.12,     39 
   1.11,     40 
   1.06,     41 
   1.07,     42 
   1.04,     43 
   1.02,     44 
   1.01,     45 
   0.98,     46 
   0.99,     47 
   0.96,     48 
   0.98,     49 
   0.92,     50 
   0.90,     51 
   0.91,     52 
   0.87,     53 
   0.89,     54 
   0.87,     55 
   0.85,     56 
   0.83,     57 
   0.84,     58 
   0.82,     59 
   0.81,     60 
   0.79,     61 
   0.76,     62 
   0.75,     63 
   0.76,     64 
   0.74,     65 
   0.71,     66 
   0.69,     67 
   0.70,     68 
   0.69,     69 
   0.66,     70 
   0.64,     71 
   0.65,     72 
   0.64,     73 
   0.62,     74 
   0.64,     75 
   0.59,     76 
   0.60,     77 
   0.61,     78 
   0.60,     79 
   0.59,     80 
   0.56,     81 
   0.56,     82 
   0.55,     83 
   0.55,     84 
   0.56,     85 
   0.52,     86 
   0.52,     87 
   0.50,     88 
   0.49,     89 
   0.49,     90 
   0.45,     91 
   0.45,     92 
   0.47,     93 
   0.44,     94 
   0.47,     95 
   0.44,     96 
   0.43,     97 
   0.42,     98 
   0.43,     99 
   0.42,    100 
   0.41,    101 
   0.42,    102 
   0.40,    103 
   0.41,    104 
   0.38,    105 
   0.37,    106 
   0.36,    107 
   0.35,    108 
   0.35,    109 
   0.34,    110 
   0.37,    111 
   0.33,    112 
   0.31,    113 
   0.31,    114 
   0.30,    115 
   0.29,    116 
   0.28,    117 
   0.27,    118 
   0.27,    119 
   0.26,    120 
   0.26,    121 
   0.26,    122 
   0.25,    123 
   0.24,    124 
   0.25,    125 
   0.24,    126 
   0.22,    127 
   0.22,    128 
   0.20,    129 
   0.20,    130 
   0.21,    131 
   0.20,    132 
   0.20,    133 
   0.18,    134 
   0.18,    135 
   0.19,    136 
   0.17,    137 
   0.15,    138 
   0.14,    139 
   0.15,    140 
   0.12,    141 
   0.11,    142 
   0.09,    143 
   0.08,    144 
   0.06,    145 
   0.06,    146 
   0.06,    147 
   0.05,    148 
   0.03,    149 
   0.00,    150 
   5.96,      1 
   6.44,      2 
   7.00,      3 
   8.44,      4 
   7.93,      5 
   6.05,      6 
   5.24,      7 
   4.67,      8 
   4.21,      9 
   3.81,     10 
   3.54,     11 
   3.33,     12 
   3.10,     13 
   2.94,     14 
   2.74,     15 
   2.59,     16 
   2.44,     17 
   2.28,     18 
   2.17,     19 
   2.08,     20 
   2.00,     21 
   1.90,     22 
   1.81,     23 
   1.71,     24 
   1.64,     25 
   1.52,     26 
   1.49,     27 
   1.43,     28 
   1.39,     29 
   1.32,     30 
   1.31,     31 
   1.31,     32 
   1.29,     33 
   1.24,     34 
   1.22,     35 
   1.19,     36 
   1.21,     37 
   1.17,     38 
   1.15,     39 
   1.10,     40 
   1.07,     41 
   1.06,     42 
   1.05,     43 
   1.02,     44 
   1.00,     45 
   0.98,     46 
   0.97,     47 
   0.96,     48 
   0.93,     49 
   0.92,     50 
   0.91,     51 
   0.91,     52 
   0.88,     53 
   0.85,     54 
   0.84,     55 
   0.84,     56 
   0.84,     57 
   0.81,     58 
   0.81,     59 
   0.80,     60 
   0.79,     61 
   0.77,     62 
   0.80,     63 
   0.77,     64 
   0.77,     65 
   0.74,     66 
   0.75,     67 
   0.73,     68 
   0.74,     69 
   0.72,     70 
   0.70,     71 
   0.69,     72 
   0.67,     73 
   0.64,     74 
   0.64,     75 
   0.63,     76 
   0.60,     77 
   0.61,     78 
   0.60,     79 
   0.59,     80 
   0.58,     81 
   0.55,     82 
   0.55,     83 
   0.53,     84 
   0.53,     85 
   0.51,     86 
   0.51,     87 
   0.51,     88 
   0.49,     89 
   0.46,     90 
   0.45,     91 
   0.45,     92 
   0.46,     93 
   0.43,     94 
   0.44,     95 
   0.46,     96 
   0.42,     97 
   0.42,     98 
   0.42,     99 
   0.41,    100 
   0.41,    101 
   0.40,    102 
   0.39,    103 
   0.39,    104 
   0.40,    105 
   0.38,    106 
   0.38,    107 
   0.36,    108 
   0.36,    109 
   0.36,    110 
   0.34,    111 
   0.33,    112 
   0.34,    113 
   0.31,    114 
   0.29,    115 
   0.31,    116 
   0.30,    117 
   0.28,    118 
   0.28,    119 
   0.28,    120 
   0.27,    121 
   0.25,    122 
   0.25,    123 
   0.24,    124 
   0.25,    125 
   0.24,    126 
   0.23,    127 
   0.22,    128 
   0.23,    129 
   0.21,    130 
   0.19,    131 
   0.18,    132 
   0.18,    133 
   0.17,    134 
   0.16,    135 
   0.18,    136 
   0.15,    137 
   0.15,    138 
   0.13,    139 
   0.13,    140 
   0.12,    141 
   0.12,    142 
   0.10,    143 
   0.09,    144 
   0.07,    145 
   0.06,    146 
   0.05,    147 
   0.04,    148 
   0.02,    149 
   0.00,    150 
   5.37,      1 
   5.58,      2 
   5.99,      3 
   6.59,      4 
   7.74,      5 
   7.41,      6 
   5.79,      7 
   5.02,      8 
   4.43,      9 
   4.08,     10 
   3.74,     11 
   3.42,     12 
   3.23,     13 
   3.07,     14 
   2.87,     15 
   2.72,     16 
   2.56,     17 
   2.37,     18 
   2.27,     19 
   2.16,     20 
   2.09,     21 
   1.98,     22 
   1.89,     23 
   1.81,     24 
   1.67,     25 
   1.63,     26 
   1.56,     27 
   1.51,     28 
   1.46,     29 
   1.40,     30 
   1.34,     31 
   1.35,     32 
   1.32,     33 
   1.29,     34 
   1.23,     35 
   1.25,     36 
   1.19,     37 
   1.21,     38 
   1.17,     39 
   1.17,     40 
   1.15,     41 
   1.11,     42 
   1.11,     43 
   1.08,     44 
   1.07,     45 
   1.05,     46 
   1.02,     47 
   1.01,     48 
   1.00,     49 
   0.98,     50 
   0.95,     51 
   0.97,     52 
   0.93,     53 
   0.91,     54 
   0.92,     55 
   0.89,     56 
   0.89,     57 
   0.86,     58 
   0.85,     59 
   0.84,     60 
   0.81,     61 
   0.82,     62 
   0.82,     63 
   0.80,     64 
   0.80,     65 
   0.78,     66 
   0.79,     67 
   0.77,     68 
   0.77,     69 
   0.74,     70 
   0.74,     71 
   0.72,     72 
   0.73,     73 
   0.70,     74 
   0.70,     75 
   0.68,     76 
   0.68,     77 
   0.66,     78 
   0.65,     79 
   0.65,     80 
   0.63,     81 
   0.62,     82 
   0.63,     83 
   0.62,     84 
   0.62,     85 
   0.59,     86 
   0.56,     87 
   0.53,     88 
   0.53,     89 
   0.53,     90 
   0.53,     91 
   0.53,     92 
   0.53,     93 
   0.53,     94 
   0.53,     95 
   0.52,     96 
   0.52,     97 
   0.48,     98 
   0.48,     99 
   0.47,    100 
   0.48,    101 
   0.47,    102 
   0.45,    103 
   0.45,    104 
   0.44,    105 
   0.43,    106 
   0.44,    107 
   0.42,    108 
   0.39,    109 
   0.39,    110 
   0.38,    111 
   0.41,    112 
   0.39,    113 
   0.38,    114 
   0.37,    115 
   0.36,    116 
   0.37,    117 
   0.35,    118 
   0.35,    119 
   0.33,    120 
   0.33,    121 
   0.33,    122 
   0.30,    123 
   0.29,    124 
   0.27,    125 
   0.28,    126 
   0.26,    127 
   0.26,    128 
   0.24,    129 
   0.23,    130 
   0.22,    131 
   0.21,    132 
   0.23,    133 
   0.22,    134 
   0.20,    135 
   0.20,    136 
   0.20,    137 
   0.18,    138 
   0.17,    139 
   0.17,    140 
   0.16,    141 
   0.13,    142 
   0.12,    143 
   0.11,    144 
   0.11,    145 
   0.08,    146 
   0.07,    147 
   0.04,    148 
   0.04,    149 
   0.00,    150 
   4.52,      1 
   4.74,      2 
   5.05,      3 
   5.44,      4 
   6.02,      5 
   7.08,      6 
   6.87,      7 
   5.36,      8 
   4.63,      9 
   4.13,     10 
   3.71,     11 
   3.47,     12 
   3.20,     13 
   3.03,     14 
   2.81,     15 
   2.67,     16 
   2.48,     17 
   2.31,     18 
   2.20,     19 
   2.12,     20 
   2.02,     21 
   1.92,     22 
   1.85,     23 
   1.74,     24 
   1.66,     25 
   1.60,     26 
   1.53,     27 
   1.47,     28 
   1.42,     29 
   1.39,     30 
   1.34,     31 
   1.33,     32 
   1.30,     33 
   1.26,     34 
   1.23,     35 
   1.22,     36 
   1.17,     37 
   1.15,     38 
   1.11,     39 
   1.10,     40 
   1.07,     41 
   1.05,     42 
   1.03,     43 
   1.02,     44 
   1.03,     45 
   1.01,     46 
   0.99,     47 
   0.94,     48 
   0.95,     49 
   0.93,     50 
   0.91,     51 
   0.91,     52 
   0.87,     53 
   0.85,     54 
   0.83,     55 
   0.82,     56 
   0.83,     57 
   0.81,     58 
   0.79,     59 
   0.78,     60 
   0.78,     61 
   0.76,     62 
   0.76,     63 
   0.74,     64 
   0.75,     65 
   0.72,     66 
   0.71,     67 
   0.71,     68 
   0.68,     69 
   0.68,     70 
   0.66,     71 
   0.65,     72 
   0.64,     73 
   0.65,     74 
   0.63,     75 
   0.62,     76 
   0.60,     77 
   0.59,     78 
   0.58,     79 
   0.56,     80 
   0.56,     81 
   0.56,     82 
   0.55,     83 
   0.55,     84 
   0.55,     85 
   0.55,     86 
   0.55,     87 
   0.51,     88 
   0.53,     89 
   0.50,     90 
   0.49,     91 
   0.46,     92 
   0.47,     93 
   0.45,     94 
   0.46,     95 
   0.47,     96 
   0.46,     97 
   0.43,     98 
   0.43,     99 
   0.40,    100 
   0.41,    101 
   0.39,    102 
   0.39,    103 
   0.38,    104 
   0.36,    105 
   0.38,    106 
   0.37,    107 
   0.37,    108 
   0.37,    109 
   0.37,    110 
   0.34,    111 
   0.33,    112 
   0.32,    113 
   0.32,    114 
   0.31,    115 
   0.31,    116 
   0.31,    117 
   0.29,    118 
   0.27,    119 
   0.28,    120 
   0.26,    121 
   0.27,    122 
   0.27,    123 
   0.25,    124 
   0.22,    125 
   0.23,    126 
   0.23,    127 
   0.22,    128 
   0.24,    129 
   0.23,    130 
   0.21,    131 
   0.19,    132 
   0.17,    133 
   0.17,    134 
   0.16,    135 
   0.15,    136 
   0.16,    137 
   0.15,    138 
   0.12,    139 
   0.11,    140 
   0.09,    141 
   0.09,    142 
   0.08,    143 
   0.09,    144 
   0.07,    145 
   0.07,    146 
   0.03,    147 
   0.05,    148 
   0.02,    149 
   0.00,    150 
   4.21,      1 
   4.41,      2 
   4.59,      3 
   4.78,      4 
   5.06,      5 
   5.52,      6 
   6.53,      7 
   6.29,      8 
   4.99,      9 
   4.38,     10 
   3.91,     11 
   3.62,     12 
   3.27,     13 
   3.02,     14 
   2.87,     15 
   2.69,     16 
   2.52,     17 
   2.40,     18 
   2.26,     19 
   2.11,     20 
   2.05,     21 
   1.96,     22 
   1.84,     23 
   1.74,     24 
   1.68,     25 
   1.60,     26 
   1.54,     27 
   1.49,     28 
   1.42,     29 
   1.38,     30 
   1.34,     31 
   1.32,     32 
   1.30,     33 
   1.25,     34 
   1.24,     35 
   1.23,     36 
   1.19,     37 
   1.18,     38 
   1.16,     39 
   1.14,     40 
   1.10,     41 
   1.08,     42 
   1.05,     43 
   1.06,     44 
   1.03,     45 
   1.05,     46 
   1.02,     47 
   1.00,     48 
   0.96,     49 
   0.94,     50 
   0.94,     51 
   0.91,     52 
   0.91,     53 
   0.89,     54 
   0.86,     55 
   0.84,     56 
   0.82,     57 
   0.83,     58 
   0.80,     59 
   0.80,     60 
   0.78,     61 
   0.76,     62 
   0.77,     63 
   0.75,     64 
   0.76,     65 
   0.73,     66 
   0.73,     67 
   0.70,     68 
   0.72,     69 
   0.70,     70 
   0.70,     71 
   0.69,     72 
   0.67,     73 
   0.67,     74 
   0.64,     75 
   0.65,     76 
   0.63,     77 
   0.63,     78 
   0.60,     79 
   0.60,     80 
   0.58,     81 
   0.58,     82 
   0.59,     83 
   0.57,     84 
   0.57,     85 
   0.56,     86 
   0.57,     87 
   0.55,     88 
   0.56,     89 
   0.53,     90 
   0.53,     91 
   0.51,     92 
   0.50,     93 
   0.49,     94 
   0.50,     95 
   0.50,     96 
   0.47,     97 
   0.47,     98 
   0.45,     99 
   0.45,    100 
   0.44,    101 
   0.45,    102 
   0.43,    103 
   0.41,    104 
   0.39,    105 
   0.41,    106 
   0.40,    107 
   0.40,    108 
   0.40,    109 
   0.38,    110 
   0.38,    111 
   0.38,    112 
   0.36,    113 
   0.36,    114 
   0.35,    115 
   0.34,    116 
   0.32,    117 
   0.31,    118 
   0.31,    119 
   0.31,    120 
   0.30,    121 
   0.30,    122 
   0.28,    123 
   0.27,    124 
   0.24,    125 
   0.21,    126 
   0.22,    127 
   0.23,    128 
   0.21,    129 
   0.23,    130 
   0.23,    131 
   0.20,    132 
   0.21,    133 
   0.20,    134 
   0.19,    135 
   0.17,    136 
   0.17,    137 
   0.16,    138 
   0.15,    139 
   0.13,    140 
   0.12,    141 
   0.11,    142 
   0.09,    143 
   0.09,    144 
   0.08,    145 
   0.06,    146 
   0.07,    147 
   0.05,    148 
   0.02,    149 
   0.00,    150 
   3.95,      1 
   4.06,      2 
   4.22,      3 
   4.35,      4 
   4.52,      5 
   4.79,      6 
   5.19,      7 
   6.05,      8 
   5.93,      9 
   4.75,     10 
   4.19,     11 
   3.77,     12 
   3.43,     13 
   3.13,     14 
   2.91,     15 
   2.75,     16 
   2.58,     17 
   2.43,     18 
   2.30,     19 
   2.20,     20 
   2.08,     21 
   1.96,     22 
   1.87,     23 
   1.76,     24 
   1.68,     25 
   1.56,     26 
   1.52,     27 
   1.47,     28 
   1.40,     29 
   1.35,     30 
   1.31,     31 
   1.32,     32 
   1.28,     33 
   1.23,     34 
   1.22,     35 
   1.17,     36 
   1.16,     37 
   1.16,     38 
   1.14,     39 
   1.11,     40 
   1.10,     41 
   1.08,     42 
   1.08,     43 
   1.05,     44 
   1.04,     45 
   1.01,     46 
   0.99,     47 
   0.96,     48 
   0.95,     49 
   0.93,     50 
   0.95,     51 
   0.90,     52 
   0.92,     53 
   0.89,     54 
   0.90,     55 
   0.88,     56 
   0.84,     57 
   0.82,     58 
   0.80,     59 
   0.79,     60 
   0.78,     61 
   0.79,     62 
   0.78,     63 
   0.80,     64 
   0.77,     65 
   0.78,     66 
   0.75,     67 
   0.75,     68 
   0.72,     69 
   0.74,     70 
   0.71,     71 
   0.68,     72 
   0.68,     73 
   0.65,     74 
   0.65,     75 
   0.64,     76 
   0.62,     77 
   0.60,     78 
   0.60,     79 
   0.59,     80 
   0.57,     81 
   0.59,     82 
   0.59,     83 
   0.56,     84 
   0.54,     85 
   0.54,     86 
   0.55,     87 
   0.55,     88 
   0.55,     89 
   0.53,     90 
   0.53,     91 
   0.53,     92 
   0.49,     93 
   0.46,     94 
   0.46,     95 
   0.46,     96 
   0.45,     97 
   0.45,     98 
   0.46,     99 
   0.46,    100 
   0.43,    101 
   0.42,    102 
   0.41,    103 
   0.40,    104 
   0.38,    105 
   0.39,    106 
   0.37,    107 
   0.36,    108 
   0.36,    109 
   0.35,    110 
   0.35,    111 
   0.34,    112 
   0.36,    113 
   0.35,    114 
   0.34,    115 
   0.33,    116 
   0.32,    117 
   0.32,    118 
   0.30,    119 
   0.29,    120 
   0.29,    121 
   0.27,    122 
   0.26,    123 
   0.24,    124 
   0.24,    125 
   0.22,    126 
   0.24,    127 
   0.23,    128 
   0.24,    129 
   0.24,    130 
   0.22,    131 
   0.23,    132 
   0.21,    133 
   0.19,    134 
   0.20,    135 
   0.19,    136 
   0.17,    137 
   0.17,    138 
   0.16,    139 
   0.16,    140 
   0.14,    141 
   0.14,    142 
   0.12,    143 
   0.11,    144 
   0.09,    145 
   0.08,    146 
   0.05,    147 
   0.07,    148 
   0.03,    149 
   0.00,    150 
   3.62,      1 
   3.65,      2 
   3.78,      3 
   3.94,      4 
   4.11,      5 
   4.28,      6 
   4.53,      7 
   4.96,      8 
   5.71,      9 
   5.55,     10 
   4.48,     11 
   3.97,     12 
   3.58,     13 
   3.26,     14 
   2.99,     15 
   2.81,     16 
   2.60,     17 
   2.43,     18 
   2.29,     19 
   2.17,     20 
   2.02,     21 
   1.96,     22 
   1.82,     23 
   1.71,     24 
   1.65,     25 
   1.59,     26 
   1.52,     27 
   1.45,     28 
   1.39,     29 
   1.34,     30 
   1.30,     31 
   1.30,     32 
   1.25,     33 
   1.21,     34 
   1.21,     35 
   1.18,     36 
   1.20,     37 
   1.16,     38 
   1.13,     39 
   1.11,     40 
   1.07,     41 
   1.07,     42 
   1.05,     43 
   1.03,     44 
   0.99,     45 
   0.98,     46 
   0.96,     47 
   0.96,     48 
   0.99,     49 
   0.95,     50 
   0.92,     51 
   0.92,     52 
   0.89,     53 
   0.88,     54 
   0.85,     55 
   0.84,     56 
   0.84,     57 
   0.80,     58 
   0.80,     59 
   0.79,     60 
   0.79,     61 
   0.76,     62 
   0.76,     63 
   0.73,     64 
   0.74,     65 
   0.73,     66 
   0.71,     67 
   0.69,     68 
   0.67,     69 
   0.67,     70 
   0.63,     71 
   0.66,     72 
   0.63,     73 
   0.63,     74 
   0.62,     75 
   0.63,     76 
   0.61,     77 
   0.61,     78 
   0.62,     79 
   0.60,     80 
   0.59,     81 
   0.59,     82 
   0.58,     83 
   0.55,     84 
   0.55,     85 
   0.54,     86 
   0.54,     87 
   0.53,     88 
   0.50,     89 
   0.50,     90 
   0.47,     91 
   0.48,     92 
   0.46,     93 
   0.46,     94 
   0.44,     95 
   0.44,     96 
   0.42,     97 
   0.42,     98 
   0.42,     99 
   0.41,    100 
   0.41,    101 
   0.42,    102 
   0.43,    103 
   0.41,    104 
   0.42,    105 
   0.40,    106 
   0.36,    107 
   0.37,    108 
   0.35,    109 
   0.35,    110 
   0.35,    111 
   0.34,    112 
   0.33,    113 
   0.32,    114 
   0.32,    115 
   0.31,    116 
   0.32,    117 
   0.31,    118 
   0.28,    119 
   0.27,    120 
   0.28,    121 
   0.28,    122 
   0.29,    123 
   0.26,    124 
   0.26,    125 
   0.25,    126 
   0.24,    127 
   0.22,    128 
   0.24,    129 
   0.22,    130 
   0.21,    131 
   0.20,    132 
   0.19,    133 
   0.20,    134 
   0.18,    135 
   0.18,    136 
   0.19,    137 
   0.18,    138 
   0.15,    139 
   0.14,    140 
   0.13,    141 
   0.11,    142 
   0.10,    143 
   0.09,    144 
   0.09,    145 
   0.08,    146 
   0.07,    147 
   0.05,    148 
   0.02,    149 
   0.00,    150 
   3.24,      1 
   3.46,      2 
   3.59,      3 
   3.65,      4 
   3.72,      5 
   3.84,      6 
   4.04,      7 
   4.23,      8 
   4.54,      9 
   5.21,     10 
   5.12,     11 
   4.21,     12 
   3.73,     13 
   3.38,     14 
   3.07,     15 
   2.81,     16 
   2.64,     17 
   2.45,     18 
   2.33,     19 
   2.22,     20 
   2.08,     21 
   1.97,     22 
   1.84,     23 
   1.73,     24 
   1.70,     25 
   1.59,     26 
   1.57,     27 
   1.46,     28 
   1.42,     29 
   1.36,     30 
   1.34,     31 
   1.33,     32 
   1.32,     33 
   1.29,     34 
   1.26,     35 
   1.21,     36 
   1.18,     37 
   1.15,     38 
   1.13,     39 
   1.12,     40 
   1.09,     41 
   1.04,     42 
   1.06,     43 
   1.05,     44 
   1.01,     45 
   1.01,     46 
   0.99,     47 
   0.98,     48 
   0.96,     49 
   0.94,     50 
   0.94,     51 
   0.91,     52 
   0.90,     53 
   0.86,     54 
   0.86,     55 
   0.86,     56 
   0.84,     57 
   0.84,     58 
   0.83,     59 
   0.82,     60 
   0.80,     61 
   0.78,     62 
   0.79,     63 
   0.78,     64 
   0.75,     65 
   0.76,     66 
   0.73,     67 
   0.72,     68 
   0.71,     69 
   0.71,     70 
   0.70,     71 
   0.69,     72 
   0.66,     73 
   0.65,     74 
   0.66,     75 
   0.63,     76 
   0.65,     77 
   0.61,     78 
   0.60,     79 
   0.59,     80 
   0.59,     81 
   0.57,     82 
   0.56,     83 
   0.56,     84 
   0.58,     85 
   0.54,     86 
   0.54,     87 
   0.53,     88 
   0.52,     89 
   0.51,     90 
   0.49,     91 
   0.50,     92 
   0.49,     93 
   0.48,     94 
   0.44,     95 
   0.44,     96 
   0.43,     97 
   0.42,     98 
   0.41,     99 
   0.42,    100 
   0.43,    101 
   0.41,    102 
   0.43,    103 
   0.41,    104 
   0.41,    105 
   0.39,    106 
   0.41,    107 
   0.39,    108 
   0.38,    109 
   0.38,    110 
   0.36,    111 
   0.35,    112 
   0.35,    113 
   0.33,    114 
   0.32,    115 
   0.30,    116 
   0.30,    117 
   0.32,    118 
   0.30,    119 
   0.29,    120 
   0.28,    121 
   0.28,    122 
   0.27,    123 
   0.26,    124 
   0.25,    125 
   0.24,    126 
   0.24,    127 
   0.24,    128 
   0.24,    129 
   0.23,    130 
   0.23,    131 
   0.21,    132 
   0.20,    133 
   0.19,    134 
   0.19,    135 
   0.19,    136 
   0.15,    137 
   0.15,    138 
   0.13,    139 
   0.13,    140 
   0.14,    141 
   0.12,    142 
   0.12,    143 
   0.10,    144 
   0.11,    145 
   0.08,    146 
   0.06,    147 
   0.03,    148 
   0.02,    149 
   0.00,    150 
   3.08,      1 
   3.20,      2 
   3.31,      3 
   3.31,      4 
   3.40,      5 
   3.54,      6 
   3.63,      7 
   3.75,      8 
   3.90,      9 
   4.28,     10 
   5.02,     11 
   4.93,     12 
   4.05,     13 
   3.56,     14 
   3.17,     15 
   2.88,     16 
   2.69,     17 
   2.56,     18 
   2.43,     19 
   2.28,     20 
   2.17,     21 
   2.05,     22 
   1.94,     23 
   1.86,     24 
   1.77,     25 
   1.66,     26 
   1.59,     27 
   1.53,     28 
   1.48,     29 
   1.40,     30 
   1.39,     31 
   1.36,     32 
   1.32,     33 
   1.29,     34 
   1.26,     35 
   1.23,     36 
   1.19,     37 
   1.19,     38 
   1.15,     39 
   1.12,     40 
   1.13,     41 
   1.12,     42 
   1.07,     43 
   1.07,     44 
   1.03,     45 
   1.01,     46 
   0.98,     47 
   0.96,     48 
   0.95,     49 
   0.97,     50 
   0.94,     51 
   0.93,     52 
   0.93,     53 
   0.90,     54 
   0.87,     55 
   0.86,     56 
   0.85,     57 
   0.83,     58 
   0.85,     59 
   0.83,     60 
   0.83,     61 
   0.79,     62 
   0.79,     63 
   0.78,     64 
   0.74,     65 
   0.74,     66 
   0.74,     67 
   0.72,     68 
   0.70,     69 
   0.69,     70 
   0.69,     71 
   0.69,     72 
   0.65,     73 
   0.64,     74 
   0.64,     75 
   0.64,     76 
   0.62,     77 
   0.63,     78 
   0.63,     79 
   0.62,     80 
   0.61,     81 
   0.58,     82 
   0.59,     83 
   0.57,     84 
   0.56,     85 
   0.56,     86 
   0.53,     87 
   0.51,     88 
   0.51,     89 
   0.50,     90 
   0.48,     91 
   0.51,     92 
   0.45,     93 
   0.48,     94 
   0.45,     95 
   0.46,     96 
   0.44,     97 
   0.43,     98 
   0.43,     99 
   0.41,    100 
   0.41,    101 
   0.41,    102 
   0.38,    103 
   0.39,    104 
   0.38,    105 
   0.37,    106 
   0.35,    107 
   0.36,    108 
   0.35,    109 
   0.34,    110 
   0.34,    111 
   0.34,    112 
   0.34,    113 
   0.34,    114 
   0.33,    115 
   0.33,    116 
   0.31,    117 
   0.30,    118 
   0.29,    119 
   0.29,    120 
   0.28,    121 
   0.27,    122 
   0.25,    123 
   0.23,    124 
   0.24,    125 
   0.22,    126 
   0.22,    127 
   0.21,    128 
   0.20,    129 
   0.22,    130 
   0.19,    131 
   0.19,    132 
   0.17,    133 
   0.18,    134 
   0.16,    135 
   0.16,    136 
   0.17,    137 
   0.14,    138 
   0.14,    139 
   0.13,    140 
   0.12,    141 
   0.12,    142 
   0.11,    143 
   0.10,    144 
   0.09,    145 
   0.07,    146 
   0.08,    147 
   0.05,    148 
   0.03,    149 
   0.00,    150 
   2.85,      1 
   2.88,      2 
   2.99,      3 
   3.09,      4 
   3.21,      5 
   3.34,      6 
   3.45,      7 
   3.49,      8 
   3.60,      9 
   3.78,     10 
   4.10,     11 
   4.71,     12 
   4.63,     13 
   3.90,     14 
   3.44,     15 
   3.15,     16 
   2.87,     17 
   2.58,     18 
   2.44,     19 
   2.30,     20 
   2.16,     21 
   2.04,     22 
   1.93,     23 
   1.82,     24 
   1.79,     25 
   1.67,     26 
   1.61,     27 
   1.56,     28 
   1.48,     29 
   1.45,     30 
   1.39,     31 
   1.36,     32 
   1.36,     33 
   1.31,     34 
   1.29,     35 
   1.26,     36 
   1.21,     37 
   1.21,     38 
   1.16,     39 
   1.15,     40 
   1.13,     41 
   1.11,     42 
   1.11,     43 
   1.07,     44 
   1.07,     45 
   1.07,     46 
   1.02,     47 
   1.01,     48 
   0.98,     49 
   0.97,     50 
   0.96,     51 
   0.94,     52 
   0.90,     53 
   0.87,     54 
   0.89,     55 
   0.84,     56 
   0.85,     57 
   0.83,     58 
   0.80,     59 
   0.80,     60 
   0.80,     61 
   0.78,     62 
   0.77,     63 
   0.75,     64 
   0.76,     65 
   0.76,     66 
   0.74,     67 
   0.76,     68 
   0.73,     69 
   0.71,     70 
   0.71,     71 
   0.68,     72 
   0.67,     73 
   0.67,     74 
   0.66,     75 
   0.63,     76 
   0.64,     77 
   0.62,     78 
   0.63,     79 
   0.63,     80 
   0.62,     81 
   0.61,     82 
   0.58,     83 
   0.57,     84 
   0.58,     85 
   0.54,     86 
   0.54,     87 
   0.53,     88 
   0.55,     89 
   0.53,     90 
   0.53,     91 
   0.52,     92 
   0.51,     93 
   0.50,     94 
   0.49,     95 
   0.47,     96 
   0.46,     97 
   0.45,     98 
   0.44,     99 
   0.46,    100 
   0.43,    101 
   0.42,    102 
   0.41,    103 
   0.42,    104 
   0.42,    105 
   0.41,    106 
   0.40,    107 
   0.38,    108 
   0.38,    109 
   0.38,    110 
   0.36,    111 
   0.35,    112 
   0.34,    113 
   0.32,    114 
   0.32,    115 
   0.32,    116 
   0.31,    117 
   0.29,    118 
   0.29,    119 
   0.28,    120 
   0.27,    121 
   0.28,    122 
   0.26,    123 
   0.25,    124 
   0.25,    125 
   0.24,    126 
   0.23,    127 
   0.23,    128 
   0.22,    129 
   0.20,    130 
   0.20,    131 
   0.18,    132 
   0.18,    133 
   0.17,    134 
   0.16,    135 
   0.16,    136 
   0.18,    137 
   0.15,    138 
   0.14,    139 
   0.12,    140 
   0.13,    141 
   0.10,    142 
   0.09,    143 
   0.08,    144 
   0.09,    145 
   0.07,    146 
   0.06,    147 
   0.04,    148 
   0.02,    149 
   0.00,    150 
   2.59,      1 
   2.71,      2 
   2.78,      3 
   2.83,      4 
   2.93,      5 
   3.00,      6 
   3.10,      7 
   3.20,      8 
   3.38,      9 
   3.46,     10 
   3.61,     11 
   3.94,     12 
   4.50,     13 
   4.41,     14 
   3.64,     15 
   3.26,     16 
   2.94,     17 
   2.69,     18 
   2.54,     19 
   2.37,     20 
   2.20,     21 
   2.11,     22 
   1.96,     23 
   1.85,     24 
   1.74,     25 
   1.68,     26 
   1.60,     27 
   1.54,     28 
   1.45,     29 
   1.43,     30 
   1.35,     31 
   1.37,     32 
   1.32,     33 
   1.31,     34 
   1.26,     35 
   1.26,     36 
   1.23,     37 
   1.19,     38 
   1.15,     39 
   1.16,     40 
   1.11,     41 
   1.09,     42 
   1.10,     43 
   1.05,     44 
   1.05,     45 
   1.02,     46 
   0.98,     47 
   0.96,     48 
   0.94,     49 
   0.95,     50 
   0.93,     51 
   0.91,     52 
   0.89,     53 
   0.90,     54 
   0.87,     55 
   0.83,     56 
   0.83,     57 
   0.83,     58 
   0.81,     59 
   0.77,     60 
   0.77,     61 
   0.75,     62 
   0.75,     63 
   0.74,     64 
   0.76,     65 
   0.73,     66 
   0.71,     67 
   0.70,     68 
   0.69,     69 
   0.70,     70 
   0.67,     71 
   0.66,     72 
   0.66,     73 
   0.63,     74 
   0.63,     75 
   0.61,     76 
   0.60,     77 
   0.61,     78 
   0.59,     79 
   0.57,     80 
   0.58,     81 
   0.56,     82 
   0.54,     83 
   0.57,     84 
   0.57,     85 
   0.56,     86 
   0.53,     87 
   0.53,     88 
   0.52,     89 
   0.50,     90 
   0.50,     91 
   0.50,     92 
   0.47,     93 
   0.47,     94 
   0.46,     95 
   0.46,     96 
   0.44,     97 
   0.44,     98 
   0.46,     99 
   0.44,    100 
   0.42,    101 
   0.41,    102 
   0.40,    103 
   0.40,    104 
   0.41,    105 
   0.39,    106 
   0.39,    107 
   0.39,    108 
   0.38,    109 
   0.36,    110 
   0.38,    111 
   0.37,    112 
   0.36,    113 
   0.33,    114 
   0.32,    115 
   0.31,    116 
   0.30,    117 
   0.29,    118 
   0.29,    119 
   0.29,    120 
   0.27,    121 
   0.26,    122 
   0.26,    123 
   0.26,    124 
   0.25,    125 
   0.25,    126 
   0.23,    127 
   0.22,    128 
   0.23,    129 
   0.23,    130 
   0.21,    131 
   0.20,    132 
   0.18,    133 
   0.17,    134 
   0.17,    135 
   0.17,    136 
   0.16,    137 
   0.16,    138 
   0.13,    139 
   0.12,    140 
   0.13,    141 
   0.13,    142 
   0.11,    143 
   0.10,    144 
   0.10,    145 
   0.08,    146 
   0.06,    147 
   0.04,    148 
   0.03,    149 
   0.00,    150 
   2.53,      1 
   2.57,      2 
   2.59,      3 
   2.64,      4 
   2.77,      5 
   2.84,      6 
   2.94,      7 
   2.97,      8 
   3.06,      9 
   3.15,     10 
   3.31,     11 
   3.46,     12 
   3.76,     13 
   4.28,     14 
   4.18,     15 
   3.53,     16 
   3.14,     17 
   2.84,     18 
   2.64,     19 
   2.49,     20 
   2.28,     21 
   2.16,     22 
   2.03,     23 
   1.92,     24 
   1.82,     25 
   1.73,     26 
   1.64,     27 
   1.55,     28 
   1.50,     29 
   1.47,     30 
   1.42,     31 
   1.41,     32 
   1.34,     33 
   1.34,     34 
   1.30,     35 
   1.27,     36 
   1.26,     37 
   1.24,     38 
   1.20,     39 
   1.20,     40 
   1.15,     41 
   1.15,     42 
   1.12,     43 
   1.08,     44 
   1.05,     45 
   1.07,     46 
   1.02,     47 
   1.02,     48 
   1.02,     49 
   0.99,     50 
   0.98,     51 
   0.96,     52 
   0.92,     53 
   0.90,     54 
   0.88,     55 
   0.89,     56 
   0.85,     57 
   0.84,     58 
   0.83,     59 
   0.82,     60 
   0.81,     61 
   0.79,     62 
   0.78,     63 
   0.79,     64 
   0.79,     65 
   0.77,     66 
   0.77,     67 
   0.75,     68 
   0.74,     69 
   0.72,     70 
   0.71,     71 
   0.68,     72 
   0.69,     73 
   0.67,     74 
   0.67,     75 
   0.66,     76 
   0.66,     77 
   0.64,     78 
   0.64,     79 
   0.63,     80 
   0.62,     81 
   0.61,     82 
   0.60,     83 
   0.60,     84 
   0.57,     85 
   0.57,     86 
   0.57,     87 
   0.58,     88 
   0.54,     89 
   0.55,     90 
   0.53,     91 
   0.51,     92 
   0.51,     93 
   0.49,     94 
   0.49,     95 
   0.50,     96 
   0.48,     97 
   0.49,     98 
   0.45,     99 
   0.44,    100 
   0.46,    101 
   0.43,    102 
   0.44,    103 
   0.44,    104 
   0.43,    105 
   0.43,    106 
   0.39,    107 
   0.39,    108 
   0.40,    109 
   0.39,    110 
   0.37,    111 
   0.34,    112 
   0.34,    113 
   0.36,    114 
   0.36,    115 
   0.34,    116 
   0.35,    117 
   0.33,    118 
   0.31,    119 
   0.31,    120 
   0.30,    121 
   0.32,    122 
   0.31,    123 
   0.28,    124 
   0.27,    125 
   0.25,    126 
   0.24,    127 
   0.25,    128 
   0.25,    129 
   0.23,    130 
   0.24,    131 
   0.25,    132 
   0.22,    133 
   0.21,    134 
   0.21,    135 
   0.22,    136 
   0.18,    137 
   0.19,    138 
   0.18,    139 
   0.17,    140 
   0.17,    141 
   0.14,    142 
   0.12,    143 
   0.13,    144 
   0.10,    145 
   0.09,    146 
   0.06,    147 
   0.05,    148 
   0.04,    149 
   0.00,    150 
   2.38,      1 
   2.53,      2 
   2.59,      3 
   2.58,      4 
   2.66,      5 
   2.68,      6 
   2.74,      7 
   2.82,      8 
   2.87,      9 
   2.95,     10 
   3.03,     11 
   3.21,     12 
   3.38,     13 
   3.66,     14 
   4.09,     15 
   3.95,     16 
   3.37,     17 
   2.96,     18 
   2.66,     19 
   2.50,     20 
   2.35,     21 
   2.20,     22 
   2.04,     23 
   1.93,     24 
   1.85,     25 
   1.78,     26 
   1.69,     27 
   1.60,     28 
   1.54,     29 
   1.43,     30 
   1.42,     31 
   1.39,     32 
   1.35,     33 
   1.32,     34 
   1.30,     35 
   1.27,     36 
   1.25,     37 
   1.22,     38 
   1.21,     39 
   1.17,     40 
   1.17,     41 
   1.11,     42 
   1.07,     43 
   1.09,     44 
   1.06,     45 
   1.06,     46 
   1.03,     47 
   0.99,     48 
   1.00,     49 
   0.99,     50 
   0.94,     51 
   0.94,     52 
   0.91,     53 
   0.91,     54 
   0.90,     55 
   0.88,     56 
   0.89,     57 
   0.87,     58 
   0.87,     59 
   0.85,     60 
   0.82,     61 
   0.81,     62 
   0.80,     63 
   0.77,     64 
   0.74,     65 
   0.75,     66 
   0.73,     67 
   0.73,     68 
   0.72,     69 
   0.72,     70 
   0.71,     71 
   0.70,     72 
   0.68,     73 
   0.67,     74 
   0.68,     75 
   0.66,     76 
   0.67,     77 
   0.66,     78 
   0.64,     79 
   0.63,     80 
   0.59,     81 
   0.60,     82 
   0.60,     83 
   0.59,     84 
   0.56,     85 
   0.57,     86 
   0.54,     87 
   0.53,     88 
   0.53,     89 
   0.51,     90 
   0.51,     91 
   0.51,     92 
   0.47,     93 
   0.49,     94 
   0.48,     95 
   0.47,     96 
   0.47,     97 
   0.47,     98 
   0.47,     99 
   0.47,    100 
   0.46,    101 
   0.45,    102 
   0.44,    103 
   0.46,    104 
   0.42,    105 
   0.41,    106 
   0.41,    107 
   0.41,    108 
   0.41,    109 
   0.39,    110 
   0.40,    111 
   0.39,    112 
   0.39,    113 
   0.37,    114 
   0.36,    115 
   0.35,    116 
   0.34,    117 
   0.35,    118 
   0.34,    119 
   0.34,    120 
   0.31,    121 
   0.30,    122 
   0.31,    123 
   0.31,    124 
   0.30,    125 
   0.28,    126 
   0.28,    127 
   0.25,    128 
   0.23,    129 
   0.23,    130 
   0.22,    131 
   0.22,    132 
   0.21,    133 
   0.20,    134 
   0.18,    135 
   0.17,    136 
   0.17,    137 
   0.17,    138 
   0.16,    139 
   0.15,    140 
   0.13,    141 
   0.14,    142 
   0.11,    143 
   0.10,    144 
   0.08,    145 
   0.08,    146 
   0.07,    147 
   0.05,    148 
   0.02,    149 
   0.00,    150 
   2.19,      1 
   2.28,      2 
   2.31,      3 
   2.37,      4 
   2.44,      5 
   2.52,      6 
   2.57,      7 
   2.56,      8 
   2.66,      9 
   2.80,     10 
   2.88,     11 
   2.89,     12 
   3.01,     13 
   3.12,     14 
   3.39,     15 
   3.80,     16 
   3.71,     17 
   3.19,     18 
   2.81,     19 
   2.56,     20 
   2.37,     21 
   2.18,     22 
   2.06,     23 
   1.96,     24 
   1.85,     25 
   1.80,     26 
   1.70,     27 
   1.59,     28 
   1.54,     29 
   1.48,     30 
   1.43,     31 
   1.40,     32 
   1.38,     33 
   1.33,     34 
   1.29,     35 
   1.28,     36 
   1.26,     37 
   1.24,     38 
   1.19,     39 
   1.15,     40 
   1.14,     41 
   1.11,     42 
   1.10,     43 
   1.10,     44 
   1.05,     45 
   1.03,     46 
   1.03,     47 
   1.01,     48 
   0.98,     49 
   0.97,     50 
   0.96,     51 
   0.95,     52 
   0.94,     53 
   0.92,     54 
   0.92,     55 
   0.91,     56 
   0.90,     57 
   0.86,     58 
   0.85,     59 
   0.82,     60 
   0.82,     61 
   0.82,     62 
   0.82,     63 
   0.79,     64 
   0.74,     65 
   0.77,     66 
   0.73,     67 
   0.72,     68 
   0.70,     69 
   0.70,     70 
   0.71,     71 
   0.68,     72 
   0.66,     73 
   0.66,     74 
   0.64,     75 
   0.65,     76 
   0.60,     77 
   0.61,     78 
   0.59,     79 
   0.63,     80 
   0.62,     81 
   0.59,     82 
   0.60,     83 
   0.57,     84 
   0.58,     85 
   0.58,     86 
   0.58,     87 
   0.55,     88 
   0.55,     89 
   0.55,     90 
   0.52,     91 
   0.54,     92 
   0.53,     93 
   0.51,     94 
   0.50,     95 
   0.49,     96 
   0.50,     97 
   0.47,     98 
   0.46,     99 
   0.47,    100 
   0.45,    101 
   0.45,    102 
   0.43,    103 
   0.43,    104 
   0.43,    105 
   0.41,    106 
   0.41,    107 
   0.38,    108 
   0.40,    109 
   0.38,    110 
   0.39,    111 
   0.34,    112 
   0.35,    113 
   0.33,    114 
   0.31,    115 
   0.33,    116 
   0.31,    117 
   0.31,    118 
   0.32,    119 
   0.33,    120 
   0.31,    121 
   0.30,    122 
   0.31,    123 
   0.28,    124 
   0.28,    125 
   0.27,    126 
   0.27,    127 
   0.24,    128 
   0.22,    129 
   0.22,    130 
   0.23,    131 
   0.23,    132 
   0.20,    133 
   0.19,    134 
   0.19,    135 
   0.18,    136 
   0.16,    137 
   0.17,    138 
   0.16,    139 
   0.15,    140 
   0.14,    141 
   0.13,    142 
   0.11,    143 
   0.11,    144 
   0.09,    145 
   0.09,    146 
   0.07,    147 
   0.07,    148 
   0.05,    149 
   0.00,    150 
   1.93,      1 
   2.00,      2 
   2.12,      3 
   2.18,      4 
   2.20,      5 
   2.25,      6 
   2.34,      7 
   2.41,      8 
   2.48,      9 
   2.51,     10 
   2.61,     11 
   2.69,     12 
   2.76,     13 
   2.88,     14 
   2.98,     15 
   3.21,     16 
   3.60,     17 
   3.51,     18 
   3.00,     19 
   2.68,     20 
   2.45,     21 
   2.23,     22 
   2.10,     23 
   1.96,     24 
   1.88,     25 
   1.76,     26 
   1.66,     27 
   1.60,     28 
   1.53,     29 
   1.45,     30 
   1.42,     31 
   1.40,     32 
   1.38,     33 
   1.35,     34 
   1.30,     35 
   1.31,     36 
   1.28,     37 
   1.24,     38 
   1.21,     39 
   1.20,     40 
   1.19,     41 
   1.12,     42 
   1.10,     43 
   1.09,     44 
   1.08,     45 
   1.04,     46 
   1.02,     47 
   1.01,     48 
   0.99,     49 
   1.00,     50 
   0.95,     51 
   0.95,     52 
   0.93,     53 
   0.91,     54 
   0.89,     55 
   0.87,     56 
   0.87,     57 
   0.86,     58 
   0.86,     59 
   0.86,     60 
   0.84,     61 
   0.81,     62 
   0.82,     63 
   0.78,     64 
   0.79,     65 
   0.74,     66 
   0.76,     67 
   0.74,     68 
   0.72,     69 
   0.71,     70 
   0.71,     71 
   0.71,     72 
   0.67,     73 
   0.66,     74 
   0.67,     75 
   0.65,     76 
   0.64,     77 
   0.66,     78 
   0.62,     79 
   0.60,     80 
   0.60,     81 
   0.60,     82 
   0.57,     83 
   0.56,     84 
   0.55,     85 
   0.54,     86 
   0.51,     87 
   0.53,     88 
   0.52,     89 
   0.53,     90 
   0.49,     91 
   0.48,     92 
   0.49,     93 
   0.48,     94 
   0.48,     95 
   0.48,     96 
   0.47,     97 
   0.48,     98 
   0.45,     99 
   0.44,    100 
   0.42,    101 
   0.44,    102 
   0.42,    103 
   0.41,    104 
   0.40,    105 
   0.38,    106 
   0.37,    107 
   0.39,    108 
   0.38,    109 
   0.35,    110 
   0.35,    111 
   0.36,    112 
   0.34,    113 
   0.33,    114 
   0.32,    115 
   0.30,    116 
   0.30,    117 
   0.29,    118 
   0.27,    119 
   0.28,    120 
   0.27,    121 
   0.27,    122 
   0.25,    123 
   0.24,    124 
   0.22,    125 
   0.21,    126 
   0.22,    127 
   0.21,    128 
   0.20,    129 
   0.21,    130 
   0.19,    131 
   0.17,    132 
   0.16,    133 
   0.15,    134 
   0.16,    135 
   0.17,    136 
   0.15,    137 
   0.16,    138 
   0.16,    139 
   0.13,    140 
   0.13,    141 
   0.11,    142 
   0.08,    143 
   0.07,    144 
   0.06,    145 
   0.04,    146 
   0.04,    147 
   0.04,    148 
   0.02,    149 
   0.00,    150 
   1.97,      1 
   2.03,      2 
   2.07,      3 
   2.15,      4 
   2.16,      5 
   2.20,      6 
   2.28,      7 
   2.31,      8 
   2.39,      9 
   2.42,     10 
   2.44,     11 
   2.46,     12 
   2.55,     13 
   2.62,     14 
   2.70,     15 
   2.83,     16 
   3.08,     17 
   3.44,     18 
   3.38,     19 
   2.91,     20 
   2.53,     21 
   2.31,     22 
   2.14,     23 
   2.01,     24 
   1.89,     25 
   1.77,     26 
   1.67,     27 
   1.57,     28 
   1.52,     29 
   1.47,     30 
   1.40,     31 
   1.38,     32 
   1.36,     33 
   1.33,     34 
   1.29,     35 
   1.25,     36 
   1.24,     37 
   1.20,     38 
   1.19,     39 
   1.16,     40 
   1.13,     41 
   1.14,     42 
   1.09,     43 
   1.06,     44 
   1.05,     45 
   1.03,     46 
   1.03,     47 
   1.00,     48 
   0.99,     49 
   0.94,     50 
   0.96,     51 
   0.91,     52 
   0.89,     53 
   0.87,     54 
   0.88,     55 
   0.86,     56 
   0.86,     57 
   0.85,     58 
   0.82,     59 
   0.81,     60 
   0.80,     61 
   0.79,     62 
   0.79,     63 
   0.75,     64 
   0.73,     65 
   0.74,     66 
   0.73,     67 
   0.74,     68 
   0.72,     69 
   0.69,     70 
   0.69,     71 
   0.65,     72 
   0.67,     73 
   0.64,     74 
   0.63,     75 
   0.62,     76 
   0.62,     77 
   0.61,     78 
   0.60,     79 
   0.59,     80 
   0.61,     81 
   0.56,     82 
   0.58,     83 
   0.58,     84 
   0.56,     85 
   0.54,     86 
   0.55,     87 
   0.54,     88 
   0.53,     89 
   0.52,     90 
   0.53,     91 
   0.51,     92 
   0.50,     93 
   0.49,     94 
   0.48,     95 
   0.47,     96 
   0.44,     97 
   0.44,     98 
   0.44,     99 
   0.42,    100 
   0.42,    101 
   0.42,    102 
   0.42,    103 
   0.40,    104 
   0.36,    105 
   0.37,    106 
   0.35,    107 
   0.34,    108 
   0.34,    109 
   0.34,    110 
   0.35,    111 
   0.33,    112 
   0.34,    113 
   0.33,    114 
   0.34,    115 
   0.32,    116 
   0.32,    117 
   0.30,    118 
   0.29,    119 
   0.29,    120 
   0.29,    121 
   0.27,    122 
   0.27,    123 
   0.26,    124 
   0.27,    125 
   0.23,    126 
   0.25,    127 
   0.24,    128 
   0.22,    129 
   0.22,    130 
   0.22,    131 
   0.21,    132 
   0.20,    133 
   0.18,    134 
   0.17,    135 
   0.17,    136 
   0.16,    137 
   0.14,    138 
   0.15,    139 
   0.15,    140 
   0.13,    141 
   0.12,    142 
   0.11,    143 
   0.09,    144 
   0.09,    145 
   0.08,    146 
   0.06,    147 
   0.04,    148 
   0.03,    149 
   0.00,    150 
   1.90,      1 
   1.98,      2 
   1.99,      3 
   2.09,      4 
   2.09,      5 
   2.13,      6 
   2.14,      7 
   2.16,      8 
   2.23,      9 
   2.26,     10 
   2.29,     11 
   2.38,     12 
   2.36,     13 
   2.38,     14 
   2.49,     15 
   2.60,     16 
   2.69,     17 
   2.97,     18 
   3.25,     19 
   3.21,     20 
   2.76,     21 
   2.49,     22 
   2.25,     23 
   2.10,     24 
   1.96,     25 
   1.84,     26 
   1.70,     27 
   1.62,     28 
   1.52,     29 
   1.46,     30 
   1.43,     31 
   1.38,     32 
   1.38,     33 
   1.33,     34 
   1.30,     35 
   1.25,     36 
   1.25,     37 
   1.21,     38 
   1.17,     39 
   1.13,     40 
   1.13,     41 
   1.10,     42 
   1.08,     43 
   1.07,     44 
   1.04,     45 
   1.02,     46 
   0.99,     47 
   1.02,     48 
   1.00,     49 
   0.98,     50 
   0.96,     51 
   0.93,     52 
   0.91,     53 
   0.91,     54 
   0.90,     55 
   0.87,     56 
   0.86,     57 
   0.85,     58 
   0.83,     59 
   0.83,     60 
   0.82,     61 
   0.83,     62 
   0.80,     63 
   0.79,     64 
   0.78,     65 
   0.78,     66 
   0.74,     67 
   0.75,     68 
   0.73,     69 
   0.74,     70 
   0.71,     71 
   0.71,     72 
   0.69,     73 
   0.70,     74 
   0.68,     75 
   0.67,     76 
   0.67,     77 
   0.64,     78 
   0.64,     79 
   0.64,     80 
   0.62,     81 
   0.61,     82 
   0.60,     83 
   0.61,     84 
   0.57,     85 
   0.58,     86 
   0.58,     87 
   0.56,     88 
   0.55,     89 
   0.54,     90 
   0.53,     91 
   0.54,     92 
   0.51,     93 
   0.49,     94 
   0.49,     95 
   0.51,     96 
   0.49,     97 
   0.47,     98 
   0.46,     99 
   0.45,    100 
   0.44,    101 
   0.43,    102 
   0.42,    103 
   0.43,    104 
   0.40,    105 
   0.41,    106 
   0.40,    107 
   0.39,    108 
   0.38,    109 
   0.37,    110 
   0.37,    111 
   0.35,    112 
   0.37,    113 
   0.34,    114 
   0.34,    115 
   0.33,    116 
   0.33,    117 
   0.34,    118 
   0.31,    119 
   0.31,    120 
   0.28,    121 
   0.29,    122 
   0.27,    123 
   0.26,    124 
   0.25,    125 
   0.25,    126 
   0.25,    127 
   0.23,    128 
   0.21,    129 
   0.21,    130 
   0.22,    131 
   0.20,    132 
   0.19,    133 
   0.19,    134 
   0.18,    135 
   0.19,    136 
   0.19,    137 
   0.16,    138 
   0.18,    139 
   0.16,    140 
   0.15,    141 
   0.14,    142 
   0.12,    143 
   0.09,    144 
   0.08,    145 
   0.07,    146 
   0.04,    147 
   0.03,    148 
   0.03,    149 
   0.00,    150 
   1.83,      1 
   1.83,      2 
   1.88,      3 
   1.91,      4 
   1.96,      5 
   2.00,      6 
   2.06,      7 
   2.05,      8 
   2.11,      9 
   2.13,     10 
   2.12,     11 
   2.18,     12 
   2.23,     13 
   2.28,     14 
   2.33,     15 
   2.42,     16 
   2.50,     17 
   2.61,     18 
   2.86,     19 
   3.16,     20 
   3.09,     21 
   2.76,     22 
   2.40,     23 
   2.21,     24 
   2.07,     25 
   1.92,     26 
   1.83,     27 
   1.70,     28 
   1.62,     29 
   1.55,     30 
   1.49,     31 
   1.44,     32 
   1.41,     33 
   1.35,     34 
   1.34,     35 
   1.31,     36 
   1.30,     37 
   1.24,     38 
   1.23,     39 
   1.19,     40 
   1.19,     41 
   1.15,     42 
   1.14,     43 
   1.10,     44 
   1.09,     45 
   1.05,     46 
   1.04,     47 
   1.04,     48 
   1.00,     49 
   0.98,     50 
   0.97,     51 
   0.96,     52 
   0.94,     53 
   0.93,     54 
   0.92,     55 
   0.93,     56 
   0.90,     57 
   0.88,     58 
   0.86,     59 
   0.86,     60 
   0.84,     61 
   0.83,     62 
   0.83,     63 
   0.81,     64 
   0.79,     65 
   0.77,     66 
   0.77,     67 
   0.73,     68 
   0.71,     69 
   0.74,     70 
   0.70,     71 
   0.70,     72 
   0.71,     73 
   0.71,     74 
   0.69,     75 
   0.68,     76 
   0.66,     77 
   0.68,     78 
   0.66,     79 
   0.66,     80 
   0.63,     81 
   0.63,     82 
   0.62,     83 
   0.60,     84 
   0.59,     85 
   0.58,     86 
   0.53,     87 
   0.57,     88 
   0.54,     89 
   0.56,     90 
   0.55,     91 
   0.53,     92 
   0.51,     93 
   0.52,     94 
   0.50,     95 
   0.49,     96 
   0.47,     97 
   0.47,     98 
   0.48,     99 
   0.46,    100 
   0.45,    101 
   0.45,    102 
   0.42,    103 
   0.44,    104 
   0.42,    105 
   0.41,    106 
   0.40,    107 
   0.39,    108 
   0.40,    109 
   0.38,    110 
   0.38,    111 
   0.36,    112 
   0.32,    113 
   0.34,    114 
   0.33,    115 
   0.32,    116 
   0.30,    117 
   0.31,    118 
   0.30,    119 
   0.30,    120 
   0.29,    121 
   0.28,    122 
   0.28,    123 
   0.28,    124 
   0.26,    125 
   0.26,    126 
   0.26,    127 
   0.25,    128 
   0.25,    129 
   0.24,    130 
   0.21,    131 
   0.22,    132 
   0.22,    133 
   0.20,    134 
   0.19,    135 
   0.18,    136 
   0.16,    137 
   0.16,    138 
   0.15,    139 
   0.15,    140 
   0.12,    141 
   0.12,    142 
   0.12,    143 
   0.08,    144 
   0.07,    145 
   0.08,    146 
   0.06,    147 
   0.05,    148 
   0.01,    149 
   0.00,    150 
   1.62,      1 
   1.64,      2 
   1.71,      3 
   1.76,      4 
   1.81,      5 
   1.86,      6 
   1.83,      7 
   1.85,      8 
   1.92,      9 
   1.93,     10 
   2.02,     11 
   2.04,     12 
   2.09,     13 
   2.14,     14 
   2.18,     15 
   2.21,     16 
   2.27,     17 
   2.39,     18 
   2.46,     19 
   2.71,     20 
   2.97,     21 
   2.91,     22 
   2.57,     23 
   2.30,     24 
   2.13,     25 
   1.97,     26 
   1.84,     27 
   1.72,     28 
   1.65,     29 
   1.58,     30 
   1.54,     31 
   1.53,     32 
   1.47,     33 
   1.43,     34 
   1.38,     35 
   1.35,     36 
   1.31,     37 
   1.29,     38 
   1.25,     39 
   1.21,     40 
   1.17,     41 
   1.14,     42 
   1.16,     43 
   1.13,     44 
   1.11,     45 
   1.09,     46 
   1.07,     47 
   1.05,     48 
   1.03,     49 
   1.00,     50 
   0.99,     51 
   0.97,     52 
   0.96,     53 
   0.93,     54 
   0.91,     55 
   0.93,     56 
   0.89,     57 
   0.86,     58 
   0.85,     59 
   0.85,     60 
   0.83,     61 
   0.83,     62 
   0.80,     63 
   0.80,     64 
   0.81,     65 
   0.79,     66 
   0.78,     67 
   0.78,     68 
   0.76,     69 
   0.76,     70 
   0.73,     71 
   0.74,     72 
   0.71,     73 
   0.69,     74 
   0.70,     75 
   0.67,     76 
   0.66,     77 
   0.65,     78 
   0.64,     79 
   0.65,     80 
   0.64,     81 
   0.62,     82 
   0.60,     83 
   0.62,     84 
   0.58,     85 
   0.57,     86 
   0.56,     87 
   0.53,     88 
   0.52,     89 
   0.50,     90 
   0.52,     91 
   0.50,     92 
   0.49,     93 
   0.50,     94 
   0.48,     95 
   0.50,     96 
   0.48,     97 
   0.45,     98 
   0.44,     99 
   0.45,    100 
   0.45,    101 
   0.42,    102 
   0.44,    103 
   0.44,    104 
   0.41,    105 
   0.43,    106 
   0.40,    107 
   0.37,    108 
   0.36,    109 
   0.36,    110 
   0.34,    111 
   0.34,    112 
   0.32,    113 
   0.31,    114 
   0.30,    115 
   0.30,    116 
   0.31,    117 
   0.31,    118 
   0.30,    119 
   0.31,    120 
   0.29,    121 
   0.27,    122 
   0.27,    123 
   0.26,    124 
   0.26,    125 
   0.24,    126 
   0.24,    127 
   0.24,    128 
   0.22,    129 
   0.21,    130 
   0.19,    131 
   0.21,    132 
   0.19,    133 
   0.19,    134 
   0.17,    135 
   0.17,    136 
   0.15,    137 
   0.15,    138 
   0.14,    139 
   0.13,    140 
   0.13,    141 
   0.12,    142 
   0.12,    143 
   0.10,    144 
   0.08,    145 
   0.06,    146 
   0.07,    147 
   0.03,    148 
   0.01,    149 
   0.00,    150 
   1.54,      1 
   1.58,      2 
   1.67,      3 
   1.70,      4 
   1.69,      5 
   1.74,      6 
   1.76,      7 
   1.83,      8 
   1.89,      9 
   1.94,     10 
   1.94,     11 
   1.96,     12 
   2.01,     13 
   2.05,     14 
   2.04,     15 
   2.08,     16 
   2.17,     17 
   2.22,     18 
   2.33,     19 
   2.47,     20 
   2.66,     21 
   2.90,     22 
   2.84,     23 
   2.50,     24 
   2.23,     25 
   2.02,     26 
   1.91,     27 
   1.79,     28 
   1.67,     29 
   1.60,     30 
   1.53,     31 
   1.49,     32 
   1.46,     33 
   1.44,     34 
   1.44,     35 
   1.40,     36 
   1.37,     37 
   1.32,     38 
   1.30,     39 
   1.26,     40 
   1.22,     41 
   1.19,     42 
   1.17,     43 
   1.13,     44 
   1.12,     45 
   1.09,     46 
   1.07,     47 
   1.02,     48 
   1.02,     49 
   1.01,     50 
   0.99,     51 
   0.96,     52 
   0.94,     53 
   0.93,     54 
   0.93,     55 
   0.93,     56 
   0.93,     57 
   0.90,     58 
   0.90,     59 
   0.88,     60 
   0.85,     61 
   0.84,     62 
   0.83,     63 
   0.80,     64 
   0.79,     65 
   0.79,     66 
   0.78,     67 
   0.78,     68 
   0.78,     69 
   0.76,     70 
   0.73,     71 
   0.73,     72 
   0.70,     73 
   0.70,     74 
   0.70,     75 
   0.69,     76 
   0.67,     77 
   0.66,     78 
   0.66,     79 
   0.66,     80 
   0.66,     81 
   0.64,     82 
   0.61,     83 
   0.59,     84 
   0.61,     85 
   0.58,     86 
   0.57,     87 
   0.57,     88 
   0.57,     89 
   0.56,     90 
   0.54,     91 
   0.53,     92 
   0.52,     93 
   0.52,     94 
   0.54,     95 
   0.50,     96 
   0.49,     97 
   0.50,     98 
   0.48,     99 
   0.47,    100 
   0.46,    101 
   0.46,    102 
   0.45,    103 
   0.42,    104 
   0.40,    105 
   0.41,    106 
   0.40,    107 
   0.40,    108 
   0.40,    109 
   0.40,    110 
   0.38,    111 
   0.37,    112 
   0.38,    113 
   0.34,    114 
   0.34,    115 
   0.34,    116 
   0.33,    117 
   0.32,    118 
   0.33,    119 
   0.31,    120 
   0.29,    121 
   0.30,    122 
   0.29,    123 
   0.28,    124 
   0.28,    125 
   0.30,    126 
   0.28,    127 
   0.27,    128 
   0.22,    129 
   0.25,    130 
   0.23,    131 
   0.21,    132 
   0.22,    133 
   0.19,    134 
   0.20,    135 
   0.18,    136 
   0.18,    137 
   0.17,    138 
   0.14,    139 
   0.13,    140 
   0.13,    141 
   0.14,    142 
   0.12,    143 
   0.11,    144 
   0.10,    145 
   0.09,    146 
   0.06,    147 
   0.06,    148 
   0.05,    149 
   0.00,    150 
   1.58,      1 
   1.61,      2 
   1.67,      3 
   1.69,      4 
   1.69,      5 
   1.71,      6 
   1.71,      7 
   1.72,      8 
   1.75,      9 
   1.81,     10 
   1.81,     11 
   1.90,     12 
   1.94,     13 
   1.96,     14 
   1.98,     15 
   2.01,     16 
   2.04,     17 
   2.08,     18 
   2.16,     19 
   2.23,     20 
   2.34,     21 
   2.55,     22 
   2.79,     23 
   2.77,     24 
   2.43,     25 
   2.16,     26 
   2.00,     27 
   1.85,     28 
   1.72,     29 
   1.65,     30 
   1.57,     31 
   1.54,     32 
   1.50,     33 
   1.47,     34 
   1.41,     35 
   1.36,     36 
   1.32,     37 
   1.30,     38 
   1.27,     39 
   1.26,     40 
   1.21,     41 
   1.20,     42 
   1.17,     43 
   1.16,     44 
   1.13,     45 
   1.10,     46 
   1.06,     47 
   1.04,     48 
   1.04,     49 
   1.00,     50 
   0.97,     51 
   0.98,     52 
   0.99,     53 
   0.97,     54 
   0.96,     55 
   0.96,     56 
   0.93,     57 
   0.92,     58 
   0.89,     59 
   0.88,     60 
   0.83,     61 
   0.86,     62 
   0.85,     63 
   0.85,     64 
   0.85,     65 
   0.81,     66 
   0.82,     67 
   0.78,     68 
   0.79,     69 
   0.77,     70 
   0.74,     71 
   0.74,     72 
   0.70,     73 
   0.71,     74 
   0.70,     75 
   0.69,     76 
   0.68,     77 
   0.65,     78 
   0.66,     79 
   0.64,     80 
   0.64,     81 
   0.64,     82 
   0.64,     83 
   0.61,     84 
   0.60,     85 
   0.60,     86 
   0.59,     87 
   0.57,     88 
   0.55,     89 
   0.55,     90 
   0.53,     91 
   0.53,     92 
   0.51,     93 
   0.51,     94 
   0.47,     95 
   0.47,     96 
   0.48,     97 
   0.48,     98 
   0.46,     99 
   0.46,    100 
   0.44,    101 
   0.43,    102 
   0.46,    103 
   0.46,    104 
   0.43,    105 
   0.42,    106 
   0.41,    107 
   0.39,    108 
   0.39,    109 
   0.35,    110 
   0.35,    111 
   0.36,    112 
   0.36,    113 
   0.36,    114 
   0.34,    115 
   0.33,    116 
   0.32,    117 
   0.33,    118 
   0.31,    119 
   0.29,    120 
   0.30,    121 
   0.26,    122 
   0.25,    123 
   0.25,    124 
   0.23,    125 
   0.23,    126 
   0.22,    127 
   0.22,    128 
   0.23,    129 
   0.22,    130 
   0.22,    131 
   0.22,    132 
   0.21,    133 
   0.20,    134 
   0.21,    135 
   0.20,    136 
   0.19,    137 
   0.17,    138 
   0.14,    139 
   0.14,    140 
   0.12,    141 
   0.11,    142 
   0.10,    143 
   0.09,    144 
   0.08,    145 
   0.06,    146 
   0.05,    147 
   0.02,    148 
   0.03,    149 
   0.00,    150 
   1.39,      1 
   1.48,      2 
   1.48,      3 
   1.58,      4 
   1.59,      5 
   1.62,      6 
   1.59,      7 
   1.66,      8 
   1.72,      9 
   1.77,     10 
   1.74,     11 
   1.78,     12 
   1.82,     13 
   1.83,     14 
   1.86,     15 
   1.90,     16 
   1.93,     17 
   1.97,     18 
   2.00,     19 
   2.06,     20 
   2.17,     21 
   2.31,     22 
   2.51,     23 
   2.75,     24 
   2.68,     25 
   2.37,     26 
   2.10,     27 
   1.95,     28 
   1.83,     29 
   1.73,     30 
   1.67,     31 
   1.59,     32 
   1.56,     33 
   1.55,     34 
   1.48,     35 
   1.45,     36 
   1.40,     37 
   1.36,     38 
   1.35,     39 
   1.30,     40 
   1.30,     41 
   1.26,     42 
   1.24,     43 
   1.21,     44 
   1.17,     45 
   1.17,     46 
   1.14,     47 
   1.12,     48 
   1.10,     49 
   1.07,     50 
   1.08,     51 
   1.06,     52 
   1.02,     53 
   0.98,     54 
   0.97,     55 
   0.95,     56 
   0.95,     57 
   0.93,     58 
   0.92,     59 
   0.88,     60 
   0.87,     61 
   0.85,     62 
   0.87,     63 
   0.85,     64 
   0.83,     65 
   0.83,     66 
   0.79,     67 
   0.79,     68 
   0.79,     69 
   0.79,     70 
   0.77,     71 
   0.76,     72 
   0.73,     73 
   0.72,     74 
   0.68,     75 
   0.71,     76 
   0.68,     77 
   0.68,     78 
   0.66,     79 
   0.68,     80 
   0.66,     81 
   0.66,     82 
   0.62,     83 
   0.64,     84 
   0.64,     85 
   0.63,     86 
   0.63,     87 
   0.60,     88 
   0.61,     89 
   0.60,     90 
   0.59,     91 
   0.57,     92 
   0.57,     93 
   0.57,     94 
   0.56,     95 
   0.53,     96 
   0.52,     97 
   0.53,     98 
   0.52,     99 
   0.49,    100 
   0.48,    101 
   0.47,    102 
   0.48,    103 
   0.43,    104 
   0.44,    105 
   0.43,    106 
   0.44,    107 
   0.42,    108 
   0.42,    109 
   0.40,    110 
   0.41,    111 
   0.41,    112 
   0.38,    113 
   0.40,    114 
   0.40,    115 
   0.38,    116 
   0.38,    117 
   0.38,    118 
   0.37,    119 
   0.35,    120 
   0.33,    121 
   0.33,    122 
   0.29,    123 
   0.30,    124 
   0.29,    125 
   0.29,    126 
   0.25,    127 
   0.26,    128 
   0.25,    129 
   0.24,    130 
   0.23,    131 
   0.22,    132 
   0.21,    133 
   0.20,    134 
   0.21,    135 
   0.19,    136 
   0.19,    137 
   0.19,    138 
   0.20,    139 
   0.18,    140 
   0.15,    141 
   0.14,    142 
   0.13,    143 
   0.15,    144 
   0.11,    145 
   0.10,    146 
   0.09,    147 
   0.06,    148 
   0.04,    149 
   0.00,    150 
   1.39,      1 
   1.38,      2 
   1.42,      3 
   1.43,      4 
   1.46,      5 
   1.50,      6 
   1.55,      7 
   1.52,      8 
   1.55,      9 
   1.58,     10 
   1.55,     11 
   1.62,     12 
   1.60,     13 
   1.66,     14 
   1.69,     15 
   1.71,     16 
   1.75,     17 
   1.80,     18 
   1.83,     19 
   1.90,     20 
   1.99,     21 
   2.04,     22 
   2.18,     23 
   2.38,     24 
   2.58,     25 
   2.55,     26 
   2.27,     27 
   2.03,     28 
   1.86,     29 
   1.74,     30 
   1.63,     31 
   1.63,     32 
   1.54,     33 
   1.52,     34 
   1.46,     35 
   1.45,     36 
   1.38,     37 
   1.33,     38 
   1.30,     39 
   1.30,     40 
   1.25,     41 
   1.20,     42 
   1.18,     43 
   1.17,     44 
   1.15,     45 
   1.15,     46 
   1.07,     47 
   1.04,     48 
   1.06,     49 
   1.06,     50 
   1.02,     51 
   1.01,     52 
   0.99,     53 
   1.00,     54 
   0.97,     55 
   0.94,     56 
   0.90,     57 
   0.92,     58 
   0.89,     59 
   0.92,     60 
   0.88,     61 
   0.87,     62 
   0.87,     63 
   0.85,     64 
   0.82,     65 
   0.81,     66 
   0.78,     67 
   0.78,     68 
   0.77,     69 
   0.77,     70 
   0.77,     71 
   0.74,     72 
   0.73,     73 
   0.71,     74 
   0.68,     75 
   0.68,     76 
   0.66,     77 
   0.65,     78 
   0.65,     79 
   0.64,     80 
   0.62,     81 
   0.59,     82 
   0.59,     83 
   0.57,     84 
   0.59,     85 
   0.57,     86 
   0.57,     87 
   0.57,     88 
   0.55,     89 
   0.54,     90 
   0.54,     91 
   0.54,     92 
   0.51,     93 
   0.50,     94 
   0.49,     95 
   0.47,     96 
   0.46,     97 
   0.46,     98 
   0.45,     99 
   0.44,    100 
   0.45,    101 
   0.44,    102 
   0.40,    103 
   0.41,    104 
   0.40,    105 
   0.39,    106 
   0.39,    107 
   0.38,    108 
   0.37,    109 
   0.34,    110 
   0.35,    111 
   0.34,    112 
   0.32,    113 
   0.31,    114 
   0.29,    115 
   0.31,    116 
   0.28,    117 
   0.28,    118 
   0.28,    119 
   0.24,    120 
   0.24,    121 
   0.26,    122 
   0.23,    123 
   0.21,    124 
   0.23,    125 
   0.22,    126 
   0.20,    127 
   0.21,    128 
   0.21,    129 
   0.22,    130 
   0.19,    131 
   0.19,    132 
   0.16,    133 
   0.17,    134 
   0.16,    135 
   0.15,    136 
   0.15,    137 
   0.14,    138 
   0.15,    139 
   0.12,    140 
   0.12,    141 
   0.11,    142 
   0.08,    143 
   0.12,    144 
   0.08,    145 
   0.08,    146 
   0.05,    147 
   0.03,    148 
   0.01,    149 
   0.00,    150 
   1.32,      1 
   1.27,      2 
   1.38,      3 
   1.44,      4 
   1.43,      5 
   1.42,      6 
   1.44,      7 
   1.51,      8 
   1.53,      9 
   1.60,     10 
   1.60,     11 
   1.58,     12 
   1.59,     13 
   1.64,     14 
   1.66,     15 
   1.67,     16 
   1.73,     17 
   1.72,     18 
   1.80,     19 
   1.84,     20 
   1.86,     21 
   1.90,     22 
   1.96,     23 
   2.13,     24 
   2.31,     25 
   2.49,     26 
   2.43,     27 
   2.17,     28 
   1.92,     29 
   1.80,     30 
   1.69,     31 
   1.65,     32 
   1.59,     33 
   1.51,     34 
   1.48,     35 
   1.45,     36 
   1.43,     37 
   1.40,     38 
   1.39,     39 
   1.31,     40 
   1.27,     41 
   1.25,     42 
   1.26,     43 
   1.22,     44 
   1.23,     45 
   1.15,     46 
   1.15,     47 
   1.12,     48 
   1.10,     49 
   1.05,     50 
   1.05,     51 
   1.01,     52 
   1.01,     53 
   1.00,     54 
   0.98,     55 
   0.97,     56 
   0.95,     57 
   0.92,     58 
   0.92,     59 
   0.92,     60 
   0.89,     61 
   0.88,     62 
   0.85,     63 
   0.86,     64 
   0.85,     65 
   0.84,     66 
   0.81,     67 
   0.82,     68 
   0.78,     69 
   0.79,     70 
   0.78,     71 
   0.74,     72 
   0.75,     73 
   0.73,     74 
   0.71,     75 
   0.71,     76 
   0.68,     77 
   0.65,     78 
   0.66,     79 
   0.66,     80 
   0.63,     81 
   0.62,     82 
   0.60,     83 
   0.60,     84 
   0.60,     85 
   0.60,     86 
   0.56,     87 
   0.57,     88 
   0.57,     89 
   0.55,     90 
   0.53,     91 
   0.54,     92 
   0.51,     93 
   0.51,     94 
   0.50,     95 
   0.51,     96 
   0.50,     97 
   0.50,     98 
   0.49,     99 
   0.47,    100 
   0.44,    101 
   0.48,    102 
   0.46,    103 
   0.44,    104 
   0.43,    105 
   0.45,    106 
   0.43,    107 
   0.42,    108 
   0.37,    109 
   0.40,    110 
   0.38,    111 
   0.39,    112 
   0.38,    113 
   0.37,    114 
   0.36,    115 
   0.37,    116 
   0.34,    117 
   0.35,    118 
   0.34,    119 
   0.32,    120 
   0.30,    121 
   0.30,    122 
   0.31,    123 
   0.29,    124 
   0.26,    125 
   0.26,    126 
   0.27,    127 
   0.25,    128 
   0.24,    129 
   0.24,    130 
   0.24,    131 
   0.25,    132 
   0.23,    133 
   0.22,    134 
   0.20,    135 
   0.18,    136 
   0.18,    137 
   0.19,    138 
   0.17,    139 
   0.15,    140 
   0.15,    141 
   0.14,    142 
   0.12,    143 
   0.10,    144 
   0.09,    145 
   0.07,    146 
   0.07,    147 
   0.06,    148 
   0.03,    149 
   0.00,    150 
   1.31,      1 
   1.31,      2 
   1.35,      3 
   1.40,      4 
   1.43,      5 
   1.43,      6 
   1.46,      7 
   1.46,      8 
   1.47,      9 
   1.51,     10 
   1.50,     11 
   1.54,     12 
   1.60,     13 
   1.58,     14 
   1.57,     15 
   1.60,     16 
   1.58,     17 
   1.62,     18 
   1.66,     19 
   1.69,     20 
   1.71,     21 
   1.72,     22 
   1.82,     23 
   1.91,     24 
   2.04,     25 
   2.21,     26 
   2.37,     27 
   2.35,     28 
   2.13,     29 
   1.93,     30 
   1.81,     31 
   1.76,     32 
   1.67,     33 
   1.62,     34 
   1.56,     35 
   1.48,     36 
   1.46,     37 
   1.40,     38 
   1.37,     39 
   1.34,     40 
   1.27,     41 
   1.26,     42 
   1.22,     43 
   1.20,     44 
   1.17,     45 
   1.15,     46 
   1.12,     47 
   1.11,     48 
   1.08,     49 
   1.06,     50 
   1.05,     51 
   1.00,     52 
   0.99,     53 
   0.96,     54 
   0.94,     55 
   0.94,     56 
   0.93,     57 
   0.88,     58 
   0.85,     59 
   0.88,     60 
   0.88,     61 
   0.84,     62 
   0.84,     63 
   0.80,     64 
   0.79,     65 
   0.77,     66 
   0.79,     67 
   0.77,     68 
   0.77,     69 
   0.75,     70 
   0.76,     71 
   0.72,     72 
   0.72,     73 
   0.71,     74 
   0.71,     75 
   0.69,     76 
   0.68,     77 
   0.66,     78 
   0.66,     79 
   0.66,     80 
   0.66,     81 
   0.65,     82 
   0.63,     83 
   0.64,     84 
   0.62,     85 
   0.61,     86 
   0.59,     87 
   0.56,     88 
   0.55,     89 
   0.53,     90 
   0.51,     91 
   0.51,     92 
   0.52,     93 
   0.49,     94 
   0.51,     95 
   0.48,     96 
   0.49,     97 
   0.48,     98 
   0.48,     99 
   0.45,    100 
   0.46,    101 
   0.42,    102 
   0.42,    103 
   0.42,    104 
   0.41,    105 
   0.42,    106 
   0.41,    107 
   0.40,    108 
   0.40,    109 
   0.40,    110 
   0.37,    111 
   0.36,    112 
   0.37,    113 
   0.34,    114 
   0.34,    115 
   0.33,    116 
   0.33,    117 
   0.33,    118 
   0.31,    119 
   0.33,    120 
   0.31,    121 
   0.29,    122 
   0.28,    123 
   0.26,    124 
   0.24,    125 
   0.25,    126 
   0.24,    127 
   0.27,    128 
   0.23,    129 
   0.23,    130 
   0.25,    131 
   0.24,    132 
   0.20,    133 
   0.20,    134 
   0.19,    135 
   0.18,    136 
   0.16,    137 
   0.16,    138 
   0.15,    139 
   0.16,    140 
   0.12,    141 
   0.13,    142 
   0.08,    143 
   0.08,    144 
   0.08,    145 
   0.08,    146 
   0.06,    147 
   0.05,    148 
   0.03,    149 
   0.00,    150 
   1.24,      1 
   1.15,      2 
   1.22,      3 
   1.28,      4 
   1.29,      5 
   1.36,      6 
   1.34,      7 
   1.38,      8 
   1.35,      9 
   1.38,     10 
   1.39,     11 
   1.41,     12 
   1.40,     13 
   1.47,     14 
   1.50,     15 
   1.51,     16 
   1.51,     17 
   1.53,     18 
   1.60,     19 
   1.61,     20 
   1.65,     21 
   1.67,     22 
   1.72,     23 
   1.75,     24 
   1.84,     25 
   1.93,     26 
   2.11,     27 
   2.30,     28 
   2.33,     29 
   2.13,     30 
   1.98,     31 
   1.85,     32 
   1.80,     33 
   1.68,     34 
   1.62,     35 
   1.55,     36 
   1.48,     37 
   1.45,     38 
   1.40,     39 
   1.38,     40 
   1.37,     41 
   1.36,     42 
   1.32,     43 
   1.28,     44 
   1.23,     45 
   1.19,     46 
   1.17,     47 
   1.14,     48 
   1.14,     49 
   1.10,     50 
   1.11,     51 
   1.06,     52 
   1.04,     53 
   1.03,     54 
   1.00,     55 
   0.97,     56 
   0.95,     57 
   0.96,     58 
   0.90,     59 
   0.88,     60 
   0.89,     61 
   0.87,     62 
   0.85,     63 
   0.84,     64 
   0.83,     65 
   0.84,     66 
   0.80,     67 
   0.82,     68 
   0.79,     69 
   0.75,     70 
   0.75,     71 
   0.73,     72 
   0.75,     73 
   0.74,     74 
   0.72,     75 
   0.69,     76 
   0.67,     77 
   0.70,     78 
   0.67,     79 
   0.65,     80 
   0.63,     81 
   0.64,     82 
   0.63,     83 
   0.63,     84 
   0.63,     85 
   0.65,     86 
   0.61,     87 
   0.62,     88 
   0.61,     89 
   0.59,     90 
   0.59,     91 
   0.58,     92 
   0.56,     93 
   0.55,     94 
   0.55,     95 
   0.53,     96 
   0.52,     97 
   0.52,     98 
   0.50,     99 
   0.50,    100 
   0.48,    101 
   0.46,    102 
   0.46,    103 
   0.44,    104 
   0.45,    105 
   0.44,    106 
   0.41,    107 
   0.43,    108 
   0.42,    109 
   0.39,    110 
   0.40,    111 
   0.40,    112 
   0.38,    113 
   0.35,    114 
   0.34,    115 
   0.33,    116 
   0.31,    117 
   0.32,    118 
   0.32,    119 
   0.31,    120 
   0.30,    121 
   0.31,    122 
   0.29,    123 
   0.29,    124 
   0.29,    125 
   0.28,    126 
   0.28,    127 
   0.27,    128 
   0.28,    129 
   0.26,    130 
   0.25,    131 
   0.25,    132 
   0.24,    133 
   0.21,    134 
   0.19,    135 
   0.20,    136 
   0.18,    137 
   0.17,    138 
   0.16,    139 
   0.16,    140 
   0.14,    141 
   0.12,    142 
   0.10,    143 
   0.10,    144 
   0.09,    145 
   0.08,    146 
   0.07,    147 
   0.04,    148 
   0.02,    149 
   0.00,    150 
   1.01,      1 
   1.08,      2 
   1.13,      3 
   1.19,      4 
   1.27,      5 
   1.27,      6 
   1.26,      7 
   1.27,      8 
   1.30,      9 
   1.33,     10 
   1.34,     11 
   1.36,     12 
   1.38,     13 
   1.40,     14 
   1.37,     15 
   1.41,     16 
   1.43,     17 
   1.47,     18 
   1.52,     19 
   1.49,     20 
   1.54,     21 
   1.59,     22 
   1.64,     23 
   1.73,     24 
   1.76,     25 
   1.82,     26 
   1.93,     27 
   2.13,     28 
   2.27,     29 
   2.27,     30 
   2.15,     31 
   2.01,     32 
   1.89,     33 
   1.78,     34 
   1.71,     35 
   1.63,     36 
   1.56,     37 
   1.51,     38 
   1.42,     39 
   1.39,     40 
   1.37,     41 
   1.32,     42 
   1.29,     43 
   1.29,     44 
   1.22,     45 
   1.21,     46 
   1.16,     47 
   1.13,     48 
   1.11,     49 
   1.08,     50 
   1.07,     51 
   1.05,     52 
   1.05,     53 
   1.02,     54 
   1.02,     55 
   0.99,     56 
   0.98,     57 
   0.94,     58 
   0.93,     59 
   0.91,     60 
   0.90,     61 
   0.88,     62 
   0.86,     63 
   0.86,     64 
   0.85,     65 
   0.81,     66 
   0.78,     67 
   0.77,     68 
   0.75,     69 
   0.78,     70 
   0.77,     71 
   0.75,     72 
   0.74,     73 
   0.73,     74 
   0.72,     75 
   0.69,     76 
   0.69,     77 
   0.66,     78 
   0.68,     79 
   0.67,     80 
   0.65,     81 
   0.64,     82 
   0.65,     83 
   0.64,     84 
   0.63,     85 
   0.60,     86 
   0.58,     87 
   0.58,     88 
   0.58,     89 
   0.56,     90 
   0.53,     91 
   0.53,     92 
   0.54,     93 
   0.53,     94 
   0.53,     95 
   0.52,     96 
   0.50,     97 
   0.48,     98 
   0.49,     99 
   0.49,    100 
   0.48,    101 
   0.46,    102 
   0.46,    103 
   0.44,    104 
   0.44,    105 
   0.42,    106 
   0.42,    107 
   0.41,    108 
   0.39,    109 
   0.40,    110 
   0.40,    111 
   0.37,    112 
   0.37,    113 
   0.35,    114 
   0.33,    115 
   0.33,    116 
   0.31,    117 
   0.30,    118 
   0.30,    119 
   0.29,    120 
   0.29,    121 
   0.29,    122 
   0.27,    123 
   0.26,    124 
   0.26,    125 
   0.24,    126 
   0.23,    127 
   0.23,    128 
   0.23,    129 
   0.24,    130 
   0.20,    131 
   0.20,    132 
   0.20,    133 
   0.19,    134 
   0.18,    135 
   0.19,    136 
   0.17,    137 
   0.17,    138 
   0.14,    139 
   0.14,    140 
   0.13,    141 
   0.11,    142 
   0.11,    143 
   0.11,    144 
   0.09,    145 
   0.07,    146 
   0.07,    147 
   0.05,    148 
   0.03,    149 
   0.00,    150 
   1.16,      1 
   1.13,      2 
   1.18,      3 
   1.19,      4 
   1.20,      5 
   1.21,      6 
   1.24,      7 
   1.29,      8 
   1.27,      9 
   1.28,     10 
   1.30,     11 
   1.31,     12 
   1.32,     13 
   1.35,     14 
   1.35,     15 
   1.40,     16 
   1.38,     17 
   1.44,     18 
   1.46,     19 
   1.47,     20 
   1.49,     21 
   1.53,     22 
   1.55,     23 
   1.59,     24 
   1.65,     25 
   1.69,     26 
   1.75,     27 
   1.89,     28 
   2.04,     29 
   2.16,     30 
   2.23,     31 
   2.08,     32 
   1.93,     33 
   1.79,     34 
   1.74,     35 
   1.67,     36 
   1.61,     37 
   1.52,     38 
   1.48,     39 
   1.45,     40 
   1.40,     41 
   1.36,     42 
   1.33,     43 
   1.29,     44 
   1.26,     45 
   1.24,     46 
   1.18,     47 
   1.17,     48 
   1.17,     49 
   1.13,     50 
   1.13,     51 
   1.10,     52 
   1.04,     53 
   1.04,     54 
   1.02,     55 
   1.03,     56 
   1.01,     57 
   0.97,     58 
   0.95,     59 
   0.93,     60 
   0.89,     61 
   0.90,     62 
   0.88,     63 
   0.86,     64 
   0.85,     65 
   0.82,     66 
   0.83,     67 
   0.81,     68 
   0.82,     69 
   0.84,     70 
   0.81,     71 
   0.78,     72 
   0.77,     73 
   0.74,     74 
   0.72,     75 
   0.72,     76 
   0.70,     77 
   0.71,     78 
   0.70,     79 
   0.69,     80 
   0.66,     81 
   0.65,     82 
   0.65,     83 
   0.64,     84 
   0.61,     85 
   0.60,     86 
   0.61,     87 
   0.60,     88 
   0.59,     89 
   0.59,     90 
   0.58,     91 
   0.58,     92 
   0.55,     93 
   0.52,     94 
   0.53,     95 
   0.52,     96 
   0.49,     97 
   0.51,     98 
   0.50,     99 
   0.47,    100 
   0.48,    101 
   0.47,    102 
   0.46,    103 
   0.47,    104 
   0.44,    105 
   0.42,    106 
   0.42,    107 
   0.40,    108 
   0.41,    109 
   0.40,    110 
   0.41,    111 
   0.40,    112 
   0.38,    113 
   0.36,    114 
   0.34,    115 
   0.34,    116 
   0.34,    117 
   0.34,    118 
   0.33,    119 
   0.34,    120 
   0.32,    121 
   0.30,    122 
   0.28,    123 
   0.29,    124 
   0.27,    125 
   0.25,    126 
   0.24,    127 
   0.25,    128 
   0.24,    129 
   0.22,    130 
   0.26,    131 
   0.23,    132 
   0.22,    133 
   0.22,    134 
   0.21,    135 
   0.18,    136 
   0.20,    137 
   0.17,    138 
   0.17,    139 
   0.16,    140 
   0.15,    141 
   0.13,    142 
   0.13,    143 
   0.12,    144 
   0.10,    145 
   0.09,    146 
   0.06,    147 
   0.06,    148 
   0.03,    149 
   0.00,    150 
